<?xml version="1.0" encoding="UTF-8"?>
<project-private xmlns="http://www.netbeans.org/ns/project-private/1">
    <editor-bookmarks xmlns="http://www.netbeans.org/ns/editor-bookmarks/2" lastBookmarkId="0"/>
    <open-files xmlns="http://www.netbeans.org/ns/projectui-open-files/2">
        <group>
            <file>file:/C:/Users/MY/Documents/NetBeansProjects/Provious_sales_record_magt_system/src/Login.java</file>
            <file>file:/C:/Users/MY/Documents/NetBeansProjects/Provious_sales_record_magt_system/src/Manage_Sales.java</file>
            <file>file:/C:/Users/MY/Documents/NetBeansProjects/Provious_sales_record_magt_system/src/Manage_Provision.java</file>
            <file>file:/C:/Users/MY/Documents/NetBeansProjects/Provious_sales_record_magt_system/src/Dashboard.java</file>
        </group>
    </open-files>
</project-private>
